<?xml version="1.0" encoding="UTF-8" standalone="yes"?>
<KonnektingDevice xmlns="http://konnekting.de/xml/KonnektingDevice/v0" 
                  xmlns:xsi="http://www.w3.org/2001/XMLSchema-instance" 
                  xsi:schemaLocation="http://konnekting.de/xml/KonnektingDevice/v0 http://konnekting.de/xml/KonnektingDevice/KonnektingDeviceV0.xsd">
    <Device ManufacturerId="57005" DeviceId="255" Revision="0">
        <ManufacturerName>KONNEKTING</ManufacturerName>
        <DeviceName>DemoSketch</DeviceName>
        <Parameters>
            <ParameterGroup Name="General" Id="0">
                <Parameter Id="0" IdName="blinkDelay">
                    <Description>Blink Delay [500..65535ms]</Description>
                    <Value Type="uint16" Default="09C4" Options="" Min="01F4" Max="FFFF"/>
                </Parameter>
            </ParameterGroup>
        </Parameters>
        <CommObjects>
            <CommObject Id="0" IdName="ledOnOff">
                <Name>LED</Name>
                <Function>LED on/off</Function>
                <DataPointType>1.001</DataPointType>
                <Flags>42</Flags>
            </CommObject>
            <CommObject Id="1" IdName="trigger">
                <Name>Trigger</Name>
                <Function>Trigger with delay</Function>
                <DataPointType>1.001</DataPointType>
                <Flags>52</Flags>
            </CommObject>
        </CommObjects>
    </Device>
</KonnektingDevice>
